{
  "urls": [
    "ch0.ogg",
    "ch0.m4a"
  ],
  "sprite": {
    "silence": [
      0,
      1000,
      true
    ],
    "BaseSpinExpand": [
      1050,
      665.532879818594
    ],
    "BaseSpinIWPicker": [
      2100,
      2106.666666666667
    ],
    "BaseSpinIWPickerSelect": [
      5150,
      4785.9410430839
    ],
    "BaseSpinStopSymbol1": [
      10200.000000000002,
      1166.8253968253969
    ],
    "BaseSpinStopSymbol2": [
      12250.000000000002,
      1670.4535147392291
    ],
    "BaseSpinStopSymbol3": [
      14300.000000000002,
      613.3560090702942
    ],
    "BaseSpinStopSymbol4": [
      15350.000000000002,
      1206.598639455784
    ],
    "BaseSpinStopSymbol5": [
      17400.000000000004,
      1225.8730158730166
    ],
    "BaseSpinStopSymbol6": [
      19450.000000000004,
      1405.8730158730164
    ],
    "BaseSpinStopSymbolBonus": [
      21500.000000000004,
      2006.1904761904757
    ],
    "BaseSpinSubSpin": [
      24550.000000000004,
      3178.8888888888882
    ],
    "BonusMathPlaque": [
      28600.000000000004,
      2669.2517006802736
    ],
    "BonusSpinsDecrease": [
      31650.000000000007,
      787.4829931972797
    ],
    "BonusSpinsIncrease": [
      32700.00000000001,
      791.6553287981856
    ],
    "Symbol1Increase": [
      33750.00000000001,
      1208.5714285714316
    ],
    "Symbol2Increase": [
      35800.000000000015,
      1208.5714285714316
    ],
    "Symbol3Increase": [
      37850.000000000015,
      1208.5487528344672
    ],
    "Symbol4Increase": [
      39900.000000000015,
      1208.5487528344672
    ],
    "Symbol5Increase": [
      41950.00000000001,
      1208.5487528344672
    ],
    "Symbol6Increase": [
      44000.00000000001,
      1208.5487528344672
    ],
    "SymbolBonusIncrease": [
      46050.00000000001,
      1766.6666666666656
    ],
    "Transitions": [
      48100,
      2999.2743764172333
    ],
    "UiBetDown": [
      51150,
      449.47845804988873
    ],
    "UiBetMax": [
      52200,
      2094.98866213152
    ],
    "UiBetUp": [
      55250.00000000001,
      374.98866213152127
    ],
    "UiBuy": [
      56300.000000000015,
      1473.4693877551024
    ],
    "UiClick": [
      58350.00000000001,
      124.98866213152127
    ],
    "UiSpin": [
      59400.000000000015,
      875.0113378684787
    ],
    "WinTier2": [
      60450.00000000001,
      2574.9886621315172
    ],
    "WinTier3": [
      63500.00000000001,
      4887.4829931972745
    ]
  }
}