{
  "urls": [
    "ch1.ogg",
    "ch1.m4a"
  ],
  "sprite": {
    "silence": [
      0,
      1000,
      true
    ],
    "BaseMusicLoop": [
      1050,
      20571.428571428572
    ],
    "BaseMusicTermLose": [
      22100,
      1265.8276643990937
    ],
    "BaseMusicTermWin": [
      24150.000000000004,
      3284.8979591836737
    ],
    "BonusMusicLoop": [
      28200.000000000004,
      28235.28344671202
    ]
  }
}