{
  "urls": [
    "ch2.ogg",
    "ch2.m4a"
  ],
  "sprite": {
    "silence": [
      0,
      1000,
      true
    ],
    "BaseSpinStart": [
      1050,
      3310.0680272108843
    ],
    "BaseSpinStop": [
      5100,
      2576.938775510204
    ],
    "BonusLaunch": [
      8149.999999999998,
      1693.6961451247168
    ],
    "BonusSpin": [
      10200,
      3548.3446712018144
    ]
  }
}