{
  "urls": [
    "ch3.ogg",
    "ch3.m4a"
  ],
  "sprite": {
    "silence": [
      0,
      1000,
      true
    ],
    "BaseMeterWin1": [
      1050,
      1682.267573696145
    ],
    "BaseMeterWin2": [
      3099.9999999999995,
      1413.378684807256
    ],
    "BaseMeterWin3": [
      5149.999999999999,
      1306.5759637188207
    ],
    "BaseMeterWin4": [
      7199.999999999999,
      1282.0408163265301
    ],
    "BaseMeterWin5": [
      9249.999999999998,
      1204.3990929705205
    ],
    "BaseMeterWin6": [
      11299.999999999996,
      1070.226757369614
    ],
    "BaseSpinFlyToMeterIncrement": [
      13349.999999999996,
      489.07029478458065
    ],
    "BaseSpinStopSymbol1": [
      14399.999999999996,
      1166.8253968253969
    ],
    "BaseSpinStopSymbol2": [
      16449.999999999996,
      1670.4535147392291
    ],
    "BaseSpinStopSymbol3": [
      18499.999999999996,
      613.3560090702942
    ],
    "BaseSpinStopSymbol4": [
      19549.999999999996,
      1206.598639455784
    ],
    "BaseSpinStopSymbol5": [
      21599.999999999996,
      1225.8730158730166
    ],
    "BaseSpinStopSymbol6": [
      23650,
      1405.8730158730164
    ],
    "BaseSpinStopSymbolBonus": [
      25700,
      2006.1904761904757
    ],
    "BonusSymbolHighlight": [
      28750,
      805.9637188208626
    ]
  }
}